<?xml version="1.0" encoding="UTF-8"?>
<project xmlns:xsi="http://www.w3.org/2001/XMLSchema-instance" xmlns="http://maven.apache.org/POM/4.0.0"
         xsi:schemaLocation="http://maven.apache.org/POM/4.0.0 http://maven.apache.org/maven-v4_0_0.xsd">
    <parent>
        <artifactId>spring-boot-starter-parent</artifactId>
        <groupId>org.springframework.boot</groupId>
        <version>2.1.3.RELEASE</version>
        <relativePath>../pom.xml/pom.xml</relativePath>
    </parent>
    <modelVersion>4.0.0</modelVersion>
    <groupId>org.example</groupId>
    <artifactId>akumo-example</artifactId>
    <version>1.0-SNAPSHOT</version>
    <build>
        <finalName>authorization-server</finalName>
        <plugins>
            <plugin>
                <artifactId>maven-shade-plugin</artifactId>
                <version>3.2.1</version>
                <executions>
                    <execution>
                        <phase>package</phase>
                        <goals>
                            <goal>shade</goal>
                        </goals>
                    </execution>
                </executions>
            </plugin>
            <plugin>
                <groupId>org.springframework.boot</groupId>
                <artifactId>spring-boot-maven-plugin</artifactId>
                <configuration>
                    <addResources>true</addResources>
                </configuration>
            </plugin>
            <plugin>
                <artifactId>maven-resources-plugin</artifactId>
                <configuration>
                    <nonFilteredFileExtensions>
                        <nonFilteredFileExtension>jks</nonFilteredFileExtension>
                    </nonFilteredFileExtensions>
                </configuration>
            </plugin>
        </plugins>
    </build>
    <dependencies>
        <dependency>
            <groupId>org.springframework.boot</groupId>
            <artifactId>spring-boot-starter-web</artifactId>
            <version>2.1.3.RELEASE</version>
            <scope>provided</scope>
        </dependency>
        <dependency>
            <groupId>org.springframework.boot</groupId>
            <artifactId>spring-boot-devtools</artifactId>
            <version>2.1.3.RELEASE</version>
            <scope>provided</scope>
            <optional>true</optional>
        </dependency>
        <dependency>
            <groupId>org.springframework</groupId>
            <artifactId>spring-jdbc</artifactId>
            <version>5.1.5.RELEASE</version>
            <scope>provided</scope>
        </dependency>
        <dependency>
            <groupId>org.postgresql</groupId>
            <artifactId>postgresql</artifactId>
            <version>42.2.5</version>
            <scope>provided</scope>
        </dependency>
        <dependency>
            <groupId>org.springframework.boot</groupId>
            <artifactId>spring-boot-starter-data-jpa</artifactId>
            <version>2.1.3.RELEASE</version>
            <scope>provided</scope>
        </dependency>
        <dependency>
            <groupId>org.springframework.security</groupId>
            <artifactId>spring-security-jwt</artifactId>
            <version>1.0.10.RELEASE</version>
            <scope>provided</scope>
        </dependency>
        <dependency>
            <groupId>io.jsonwebtoken</groupId>
            <artifactId>jjwt</artifactId>
            <version>0.9.1</version>
            <scope>provided</scope>
        </dependency>
        <dependency>
            <groupId>javax.xml.bind</groupId>
            <artifactId>jaxb-api</artifactId>
            <version>2.3.0</version>
            <scope>provided</scope>
        </dependency>
        <dependency>
            <groupId>com.sun.xml.bind</groupId>
            <artifactId>jaxb-core</artifactId>
            <version>2.3.0</version>
            <scope>provided</scope>
        </dependency>
        <dependency>
            <groupId>com.sun.xml.bind</groupId>
            <artifactId>jaxb-impl</artifactId>
            <version>2.3.0</version>
            <scope>provided</scope>
        </dependency>
        <dependency>
            <groupId>javax.activation</groupId>
            <artifactId>activation</artifactId>
            <version>1.1.1</version>
            <scope>provided</scope>
        </dependency>
        <dependency>
            <groupId>io.springfox</groupId>
            <artifactId>springfox-swagger2</artifactId>
            <version>2.9.2</version>
            <scope>provided</scope>
        </dependency>
        <dependency>
            <groupId>io.springfox</groupId>
            <artifactId>springfox-bean-validators</artifactId>
            <version>2.7.0</version>
            <scope>provided</scope>
        </dependency>
        <dependency>
            <groupId>io.springfox</groupId>
            <artifactId>springfox-swagger-ui</artifactId>
            <version>2.7.0</version>
            <scope>provided</scope>
        </dependency>
        <dependency>
            <groupId>org.springframework.boot</groupId>
            <artifactId>spring-boot-starter-security</artifactId>
            <version>2.1.3.RELEASE</version>
            <scope>provided</scope>
        </dependency>
        <dependency>
            <groupId>org.apache.commons</groupId>
            <artifactId>commons-lang3</artifactId>
            <version>3.8.1</version>
            <scope>provided</scope>
        </dependency>
        <dependency>
            <groupId>com.fasterxml.jackson.datatype</groupId>
            <artifactId>jackson-datatype-jdk8</artifactId>
            <version>2.9.8</version>
            <scope>provided</scope>
        </dependency>
        <dependency>
            <groupId>junit</groupId>
            <artifactId>junit</artifactId>
            <version>4.12</version>
            <scope>test</scope>
            <exclusions>
                <exclusion>
                    <artifactId>hamcrest-core</artifactId>
                    <groupId>org.hamcrest</groupId>
                </exclusion>
            </exclusions>
        </dependency>
        <dependency>
            <groupId>org.springframework.security</groupId>
            <artifactId>spring-security-config</artifactId>
            <version>5.1.4.RELEASE</version>
            <scope>provided</scope>
        </dependency>
        <dependency>
            <groupId>org.projectlombok</groupId>
            <artifactId>lombok</artifactId>
            <version>1.18.0</version>
            <scope>provided</scope>
        </dependency>
    </dependencies>
    <properties>
        <swagger.version>2.9.2</swagger.version>
        <commons-io.version>2.6</commons-io.version>
        <slf4j.version>1.7.12</slf4j.version>
        <oauth-autoconfig.version>2.1.3.RELEASE</oauth-autoconfig.version>
        <maven-war-plugin.version>3.2.2</maven-war-plugin.version>
        <swagger2.version>2.7.0</swagger2.version>
        <maven-compiler-plugin.version>3.8.0</maven-compiler-plugin.version>
        <oauth.version>2.3.5.RELEASE</oauth.version>
        <maven-surefire-plugin.version>2.22.1</maven-surefire-plugin.version>
        <jwt.version>1.0.10.RELEASE</jwt.version>
        <start-class>com.akumo.auth.AuthorizationServerApplication</start-class>
    </properties>
</project>
